Comorbidity,AMI_Count,AMI_Percentage,Stroke_Count,Stroke_Percentage
Hypertension,6500,78.50241545893721,6365,75.00589205750649
Diabetes Mellitus,3683,44.48067632850242,2408,28.376148951213764
Heart Failure,4372,52.80193236714976,1652,19.467358001414095
Chronic Kidney Disease,2870,34.66183574879227,1404,16.54489747819939
COPD,1130,13.647342995169081,708,8.34315342917747
Atrial Fibrillation,3570,43.11594202898551,2978,35.0930945086024
