Rank,AMI_Procedure,AMI_Patients,AMI_Percentage,Stroke_Procedure,Stroke_Patients,Stroke_Percentage
1,20 Gauge,5652,68.26086956521739,20 Gauge,5966,70.30403016733443
2,Chest X-Ray,3250,39.251207729468604,Chest X-Ray,2966,34.951685128446854
3,EKG,4336,52.367149758454104,CT scan,3567,42.03393825123733
